{
  "placeholderImages": [
    {
      "id": "profile1",
      "description": "Portrait of Alex Doe",
      "imageUrl": "https://images.unsplash.com/photo-1568602471122-7832951cc4c5?crop=entropy&cs=tinysrgb&fit=max&fm=jpg&ixid=M3w3NDE5ODJ8MHwxfHNlYXJjaHw2fHxtYW4lMjBwb3J0cmFpdHxlbnwwfHx8fDE3NjM1OTUxOTd8MA&ixlib=rb-4.1.0&q=80&w=1080",
      "imageHint": "man portrait"
    },
    {
      "id": "profile2",
      "description": "Portrait of Jane Smith",
      "imageUrl": "https://images.unsplash.com/photo-1531746020798-e6953c6e8e04?crop=entropy&cs=tinysrgb&fit=max&fm=jpg&ixid=M3w3NDE5ODJ8MHwxfHNlYXJjaHw2fHx3b21hbiUyMHBvcnRyYWl0fGVufDB8fHx8fDE3NjM2NTc2NzR8MA&ixlib=rb-4.1.0&q=80&w=1080",
      "imageHint": "woman portrait"
    },
    {
      "id": "profile3",
      "description": "Portrait of Chris Lee",
      "imageUrl": "https://images.unsplash.com/photo-1656338997878-279d71d48f6e?crop=entropy&cs=tinysrgb&fit=max&fm=jpg&ixid=M3w3NDE5ODJ8MHwxfHNlYXJjaHwzfHxtYW4lMjBzbWlsaW5nfGVufDB8fHx8fDE3NjM1ODAwODF8MA&ixlib=rb-4.1.0&q=80&w=1080",
      "imageHint": "man smiling"
    },
    {
      "id": "profile4",
      "description": "Portrait of Mia Wong",
      "imageUrl": "https://images.unsplash.com/photo-1625957454212-6831a9bf582a?crop=entropy&cs=tinysrgb&fit=max&fm=jpg&ixid=M3w3NDE5ODJ8MHwxfHNlYXJjaHw5fHx3b21hbiUyMGFydGlzdHxlbnwwfHx8fDE3NjM2NjE2MDV8MA&ixlib=rb-4.1.0&q=80&w=1080",
      "imageHint": "woman artist"
    },
    {
      "id": "profile5",
      "description": "Portrait of Leo Garcia",
      "imageUrl": "https://images.unsplash.com/photo-1653490182290-137ec054d068?crop=entropy&cs=tinysrgb&fit=max&fm=jpg&ixid=M3w3NDE5ODJ8MHwxfHNlYXJjaHw1fHxtYW4lMjBtdXNpY3xlbnwwfHx8fDE3NjM2NzI2OTZ8MA&ixlib=rb-4.1.0&q=80&w=1080",
      "imageHint": "man music"
    },
    {
      "id": "post1",
      "description": "Sunset in Santorini",
      "imageUrl": "https://images.unsplash.com/photo-1658780986409-a406f44bfc8d?crop=entropy&cs=tinysrgb&fit=max&fm=jpg&ixid=M3w3NDE5ODJ8MHwxfHNlYXJjaHwxMHx8c2FudG9yaW5pJTIwc3Vuc2V0fGVufDB8fHx8MTc2MzY3MjY5Nnww&ixlib=rb-4.1.0&q=80&w=1080",
      "imageHint": "santorini sunset"
    },
    {
      "id": "post2",
      "description": "Sourdough bread",
      "imageUrl": "https://images.unsplash.com/photo-1517141544637-42b300cb4ee9?crop=entropy&cs=tinysrgb&fit=max&fm=jpg&ixid=M3w3NDE5ODJ8MHwxfHNlYXJjaHw0fHxzb3VyZG91Z2glMjBicmVhZHxlbnwwfHx8fDE3NjM2NjE5NzB8MA&ixlib=rb-4.1.0&q=80&w=1080",
      "imageHint": "sourdough bread"
    },
    {
      "id": "post3",
      "description": "Brutalist architecture building",
      "imageUrl": "https://images.unsplash.com/photo-1595658511703-2cad160de181?crop=entropy&cs=tinysrgb&fit=max&fm=jpg&ixid=M3w3NDE5ODJ8MHwxfHNlYXJjaHw1fHxicnV0YWxpc3QlMjBhcmNoaXRlY3R1cmV8ZW58MHx8fHwxNzYzNTgyMDA2fDA&ixlib=rb-4.1.0&q=80&w=1080",
      "imageHint": "brutalist architecture"
    },
    {
      "id": "post4",
      "description": "A second view of the Santorini coast",
      "imageUrl": "https://images.unsplash.com/photo-1533105079780-52b9be4ac20c?crop=entropy&cs=tinysrgb&fit=max&fm=jpg&ixid=M3wzNzM3ODV8MHwxfHNlYXJjaHwxfHxzYW50b3JpbmklMjBjb2FzdHxlbnwwfHx8fDE3MTc3MjI1NTl8MA&ixlib=rb-4.0.3&q=80&w=1080",
      "imageHint": "santorini coast"
    },
    {
      "id": "post5",
      "description": "White buildings on a cliff in Santorini",
      "imageUrl": "https://images.unsplash.com/photo-1560703650-ef3e0f254ae0?q=80&w=2070&auto=format&fit=crop&ixlib=rb-4.0.3&ixid=M3wxMjA3fDB8MHxwaG90by1wYWdlfHx8fGVufDB8fHx8fA%3D%3D",
      "imageHint": "santorini buildings"
    },
    {
      "id": "story2-1",
      "description": "Woman working on a laptop in a bright office",
      "imageUrl": "https://images.unsplash.com/photo-1522071820081-009f0129c71c?crop=entropy&cs=tinysrgb&fit=max&fm=jpg&ixid=M3w3NDE5ODJ8MHwxfHNlYXJjaHwxfHx3b21hbiUyMHdvcmtpbmclMjBvbiUyMGxhcHRvcHxlbnwwfHx8fDE3NjQxNzAxMDB8MA&ixlib=rb-4.1.0&q=80&w=1080",
      "imageHint": "woman working"
    },
    {
      "id": "story2-2",
      "description": "Close-up of code on a computer screen",
      "imageUrl": "https://images.unsplash.com/photo-1517694712202-14dd9538aa97?crop=entropy&cs=tinysrgb&fit=max&fm=jpg&ixid=M3w3NDE5ODJ8MHwxfHNlYXJjaHwxfHxjb2RlfGVufDB8fHx8MTc2NDE3MDE2OXww&ixlib=rb-4.1.0&q=80&w=1080",
      "imageHint": "code screen"
    },
    {
      "id": "story3-1",
      "description": "A delicious-looking homemade pizza on a wooden board",
      "imageUrl": "https://images.unsplash.com/photo-1593560708920-61dd98c46a4e?crop=entropy&cs=tinysrgb&fit=max&fm=jpg&ixid=M3w3NDE5ODJ8MHwxfHNlYXJjaHw1fHxwaXp6YXxlbnwwfHx8fDE3NjQxNzAyMjZ8MA&ixlib=rb-4.1.0&q=80&w=1080",
      "imageHint": "homemade pizza"
    },
    {
      "id": "story4-1",
      "description": "An artist's messy but creative workspace with paints and brushes",
      "imageUrl": "https://images.unsplash.com/photo-1513364776144-60967b0f800f?crop=entropy&cs=tinysrgb&fit=max&fm=jpg&ixid=M3w3NDE5ODJ8MHwxfHNlYXJjaHwxfHxhcnRpc3QlMjB3b3Jrc3BhY2V8ZW58MHx8fHwxNzY0MTcwMjc5fDA&ixlib=rb-4.1.0&q=80&w=1080",
      "imageHint": "artist workspace"
    },
    {
      "id": "story4-2",
      "description": "A vibrant and abstract painting with bold colors and textures",
      "imageUrl": "https://images.unsplash.com/photo-1536924940846-227afb31e2a5?crop=entropy&cs=tinysrgb&fit=max&fm=jpg&ixid=M3w3NDE5ODJ8MHwxfHNlYXJjaHwxfHxhYnN0cmFjdCUyMHBhaW50aW5nfGVufDB8fHx8MTc2NDE3MDMyNnww&ixlib=rb-4.1.0&q=80&w=1080",
      "imageHint": "abstract painting"
    },
    {
      "id": "story4-3",
      "description": "A person sketching in a notebook with a pencil",
      "imageUrl": "https://images.unsplash.com/photo-1554167382-3e39b55f1f9c?crop=entropy&cs=tinysrgb&fit=max&fm=jpg&ixid=M3w3NDE5ODJ8MHwxfHNlYXJjaHwxfHxzYWx0YmFlfGVufDB8fHx8MTc2NDE3MDM1OHww&ixlib=rb-4.1.0&q=80&w=1080",
      "imageHint": "person sketching"
    },
    {
      "id": "link-nextjs",
      "description": "Logo for Next.js framework",
      "imageUrl": "https://images.unsplash.com/photo-1633356122544-f134324a6cee?crop=entropy&cs=tinysrgb&fit=max&fm=jpg&ixid=M3w3NDE5ODJ8MHwxfHNlYXJjaHwxfHxuZXh0anN8ZW58MHx8fHwxNzY0MTgxNjU0fDA&ixlib=rb-4.1.0&q=80&w=1080",
      "imageHint": "nextjs logo"
    },
    {
      "id": "cover1",
      "description": "Cover photo for Alex Doe",
      "imageUrl": "https://images.unsplash.com/photo-1493246507139-91e8fad9978e?crop=entropy&cs=tinysrgb&fit=max&fm=jpg&ixid=M3w3NDE5ODJ8MHwxfHNlYXJjaHwxfHxtb3VudGFpbiUyMGxhbmRzY2FwZXxlbnwwfHx8fDE3NjQxODUzOTB8MA&ixlib=rb-4.1.0&q=80&w=1080",
      "imageHint": "mountain landscape"
    },
    {
      "id": "cover2",
      "description": "Cover photo for Jane Smith",
      "imageUrl": "https://images.unsplash.com/photo-1550745165-9bc0b252726a?crop=entropy&cs=tinysrgb&fit=max&fm=jpg&ixid=M3w3NDE5ODJ8MHwxfHNlYXJjaHwxfHxyZXRybyUyMHRlY2h8ZW58MHx8fHwxNzY0MTg1NDIyfDA&ixlib=rb-4.1.0&q=80&w=1080",
      "imageHint": "retro tech"
    },
    {
      "id": "cover3",
      "description": "Cover photo for Chris Lee",
      "imageUrl": "https://images.unsplash.com/photo-1484723091739-30a097e8f929?crop=entropy&cs=tinysrgb&fit=max&fm=jpg&ixid=M3w3NDE5ODJ8MHwxfHNlYXJjaHwxfHxmb29kfGVufDB8fHx8fDE3NjQxODU0NTV8MA&ixlib=rb-4.1.0&q=80&w=1080",
      "imageHint": "food"
    },
    {
      "id": "cover4",
      "description": "Cover photo for Mia Wong",
      "imageUrl": "https://images.unsplash.com/photo-1547826039-bfc35e0f1ea8?crop=entropy&cs=tinysrgb&fit=max&fm=jpg&ixid=M3w3NDE5ODJ8MHwxfHNlYXJjaHwxfHxhcnQlMjBzdHVkaW98ZW58MHx8fHwxNzY0MTg1NDg0fDA&ixlib=rb-4.1.0&q=80&w=1080",
      "imageHint": "art studio"
    },
    {
      "id": "cover5",
      "description": "Cover photo for Leo Garcia",
      "imageUrl": "https://images.unsplash.com/photo-1511379938547-c1f69419868d?crop=entropy&cs=tinysrgb&fit=max&fm=jpg&ixid=M3w3NDE5ODJ8MHwxfHNlYXJjaHwxfHxtdXNpYyUyMHZpYmVzfGVufDB8fHx8fDE3NjQxODU1MTN8MA&ixlib=rb-4.1.0&q=80&w=1080",
      "imageHint": "music vibes"
    },
    {
      "id": "album-art-1",
      "description": "Abstract colorful geometric album art",
      "imageUrl": "https://images.unsplash.com/photo-1688649425405-3c358azzi61a2?crop=entropy&cs=tinysrgb&fit=max&fm=jpg&ixid=M3w3NDE5ODJ8MHwxfHNlYXJjaHwxfHxhYnN0cmFjdCUyMGFsYnVtJTIwY292ZXJ8ZW58MHx8fHwxNzE5NDkwOTU5fDA&ixlib=rb-4.0.3&q=80&w=400",
      "imageHint": "abstract album cover"
    },
    {
      "id": "album-art-2",
      "description": "Serene landscape with mountains and a lake at sunrise",
      "imageUrl": "https://images.unsplash.com/photo-1506744038136-46273834b3fb?crop=entropy&cs=tinysrgb&fit=max&fm=jpg&ixid=M3w3NDE5ODJ8MHwxfHNlYXJjaHwxfHxsYW5kc2NhcGUlMjBhbGJ1bSUyMGNvdmVyfGVufDB8fHx8MTcxOTQ5MDk1OXww&ixlib-rb-4.0.3&q=80&w=400",
      "imageHint": "landscape album cover"
    },
    {
      "id": "album-art-3",
      "description": "Minimalist black and white design with a single shape",
      "imageUrl": "https://images.unsplash.com/photo-1519642918688-7e43b19245d8?crop=entropy&cs=tinysrgb&fit=max&fm=jpg&ixid=M3w3NDE5ODJ8MHwxfHNlYXJjaHwxfHxtaW5pbWFsaXN0JTIwYWxidW0lMjBjb3ZlcnxlbnwwfHx8fDE3MTk0OTEwMTZ8MA&ixlib-rb-4.0.3&q=80&w=400",
      "imageHint": "minimalist album cover"
    },
    {
      "id": "album-art-4",
      "description": "Vintage-style portrait with film grain",
      "imageUrl": "https://images.unsplash.com/photo-1579783902614-a3fb3927b6a5?crop=entropy&cs=tinysrgb&fit=max&fm=jpg&ixid=M3w3NDE5ODJ8MHwxfHNlYXJjaHwxfHx2aW50YWdlJTIwYWxidW0lMjBjb3ZlcnxlbnwwfHx8fDE3MTk0OTEwMTZ8MA&ixlib-rb-4.0.3&q=80&w=400",
      "imageHint": "vintage album cover"
    },
    {
      "id": "album-art-5",
      "description": "Futuristic cityscape with neon lights",
      "imageUrl": "https://images.unsplash.com/photo-1534430480872-3498386e7856?crop=entropy&cs=tinysrgb&fit=max&fm=jpg&ixid=M3w3NDE5ODJ8MHwxfHNlYXJjaHwxfHxmdXR1cmlzdGljJTIwYWxidW0lMjBjb3ZlcnxlbnwwfHx8fDE3MTk0OTEwMTZ8MA&ixlib-rb-4.0.3&q=80&w=400",
      "imageHint": "futuristic album cover"
    },
    {
      "id": "album-art-6",
      "description": "Psychedelic pattern with swirling colors",
      "imageUrl": "https://images.unsplash.com/photo-1558525384-3d7a3a6964a2?crop=entropy&cs=tinysrgb&fit=max&fm=jpg&ixid=M3w3NDE5ODJ8MHwxfHNlYXJjaHwxfHxwc3ljaGVkZWxpYyUyMGFsYnVtJTIwY292ZXJ8ZW58MHx8fHwxNzE5NDkxMTA3fDA&ixlib-rb-4.0.3&q=80&w=400",
      "imageHint": "psychedelic album cover"
    },
    {
      "id": "playlist-1",
      "description": "A vibrant image of people dancing at a party",
      "imageUrl": "https://images.unsplash.com/photo-1524368535928-5b5e00ddc76b?crop=entropy&cs=tinysrgb&fit=max&fm=jpg&ixid=M3w3NDE5ODJ8MHwxfHNlYXJjaHwxfHxjaGlsbCUyMHZpYmVzJTIwbXVzaWN8ZW58MHx8fHwxNzE5NDkxMjgzfDA&ixlib-rb-4.0.3&q=80&w=400",
      "imageHint": "chill vibes"
    },
    {
      "id": "playlist-2",
      "description": "A person running on a trail at sunset",
      "imageUrl": "https://images.unsplash.com/photo-1475721027785-f74eccf877e2?crop=entropy&cs=tinysrgb&fit=max&fm=jpg&ixid=M3w3NDE5ODJ8MHwxfHNlYXJjaHwxfHx3b3Jrb3V0JTIwYmFuZ2Vyc3xlbnwwfHx8fDE3MTk0OTEyODN8MA&ixlib-rb-4.0.3&q=80&w=400",
      "imageHint": "workout music"
    },
    {
      "id": "playlist-3",
      "description": "A cozy room with a record player and a cup of coffee",
      "imageUrl": "https://images.unsplash.com/photo-1589156229692-054944436573?crop=entropy&cs=tinysrgb&fit=max&fm=jpg&ixid=M3w3NDE5ODJ8MHwxfHNlYXJjaHwxfHxsb2ZpJTIwYmVhdHN8ZW58MHx8fHwxNzE5NDkxMjg0fDA&ixlib-rb-4.0.3&q=80&w=400",
      "imageHint": "lofi beats"
    }
  ]
}